
{
    "BLEU-1": 0.3101525583439559,
    "BLEU-2": 0.2156407020290611,
    "BLEU-3": 0.15667621405760157,
    "BLEU-4": 0.11740502580775222,
    "ROUGE-1": 0.33773540962434206,
    "ROUGE-2": 0.14042514535767295,
    "ROUGE-L": 0.26728948398972746
}